Trial,Treatment,Date,No.Ants,Species No. 1,# Species No. 1,Species No. 2,# Species No.2,Species No. 3,# Species No. 3,Pre.Weight,Post.Weight ,Per.Ret,Per.Rem,Adj.Per.Ret,Adj.Per.Rem,Chem.Samp,Time ,Time.O,Location,Habitat.Type
1,feces,13-Jun,0,None,0,None,0,None,0,0.1416,0.0513,36.22881356,63.77118644,42.70400376,57.29599624,0.1032,7:32:00 PM,8:30:00 PM,SCH100,Forest Clearing
1,overripe,13-Jun,6,Pheidole u5,6,None,0,None,0,0.1774,0.1365,76.94475761,23.05524239,78.16184926,21.83815074,0.3117,7:32:00 PM,8:30:00 PM,SCH100,Forest Clearing
1,ripe,13-Jun,1,Pheidole u5,1,None,0,None,0,0.2439,0.1437,58.91758918,41.08241082,59.84953189,40.15046811,0.3931,7:32:00 PM,8:30:00 PM,SCH100,Forest Clearing
1,seeds,13-Jun,0,None,0,None,0,None,0,0.0426,0.0082,19.24882629,80.75117371,19.48563526,80.51436474,0.1379,7:32:00 PM,8:30:00 PM,SCH100,Forest Clearing
1,unripe,13-Jun,0,None,0,None,0,None,0,0.375,0.2504,66.77333333,33.22666667,71.45581131,28.54418869,0.3528,7:32:00 PM,8:30:00 PM,SCH100,Forest Clearing
2,feces,13-Jun,0,None,0,None,0,None,0,0.1377,0.0085,6.172839506,93.82716049,7.276113557,92.72388644,0.5033,7:35:00 PM,8:40:00 PM,STR1100,Forest Clearing
2,overripe,13-Jun,12,Pheidole nebulosa,12,None,0,None,0,0.1966,0.0911,46.33774161,53.66225839,47.07069964,52.92930036,0.3747,7:35:00 PM,8:40:00 PM,STR1100,Forest Clearing
2,ripe,13-Jun,6,Pheidole nebulosa,6,None,0,None,0,0.1621,0.1452,89.57433683,10.42566317,90.99119981,9.008800191,0.466,7:35:00 PM,8:40:00 PM,STR1100,Forest Clearing
2,seeds,13-Jun,0,None,0,None,0,None,0,0.0596,0.0107,17.95302013,82.04697987,18.17388742,81.82611258,0.0923,7:35:00 PM,8:40:00 PM,STR1100,Forest Clearing
2,unripe,13-Jun,0,None,0,None,0,None,0,0.1975,0.1061,53.72151899,46.27848101,54.4055602,45.5944398,0.556,7:35:00 PM,8:40:00 PM,STR1100,Forest Clearing
3,feces,20-Jun,0,None,0,None,0,None,0,0.115,0.06,52.17391304,47.82608696,61.49897719,38.50102281,0.2594,4:08:00 PM,5:08:00 PM,LC Flight Cage Entrance,Forest Clearing
3,overripe,20-Jun,6,Pheidole sp.,6,None,0,None,0,0.1678,0.0683,40.70321812,59.29678188,41.34705076,58.65294924,0.3517,4:08:00 PM,5:08:00 PM,LC Flight Cage Entrance,Forest Clearing
3,ripe,20-Jun,8,Pheidole sp.,8,None,0,None,0,0.2782,0.1683,60.49604601,39.50395399,61.45295634,38.54704366,0.5586,4:08:00 PM,5:08:00 PM,LC Flight Cage Entrance,Forest Clearing
3,seeds,20-Jun,0,None,0,None,0,None,0,0.0907,0.0566,62.40352811,37.59647189,63.17124842,36.82875158,0.0702,4:08:00 PM,5:08:00 PM,LC Flight Cage Entrance,Forest Clearing
3,unripe,20-Jun,0,None,0,None,0,None,0,0.2692,0.1653,61.40416048,38.59583952,62.1860255,37.8139745,0.5879,4:08:00 PM,5:08:00 PM,LC Flight Cage Entrance,Forest Clearing
4,feces,20-Jun,0,None,0,None,0,None,0,0.115,0.06,52.17391304,47.82608696,61.49897719,38.50102281,0.2759,4:38:00 PM,5:38:00 PM,LC Behind CA,Forest Clearing
4,overripe,20-Jun,6,Pheidole nebulosa,2,Pheidole fimbriata,1,None,0,0.1678,0.0683,40.70321812,59.29678188,41.34705076,58.65294924,0.3691,4:38:00 PM,5:38:00 PM,LC Behind CA,Forest Clearing
4,ripe,20-Jun,0,None,0,None,0,None,0,0.2782,0.1683,60.49604601,39.50395399,61.45295634,38.54704366,0.5113,4:38:00 PM,5:38:00 PM,LC Behind CA,Forest Clearing
4,seeds,20-Jun,0,None,0,None,0,None,0,0.0907,0.0566,62.40352811,37.59647189,63.17124842,36.82875158,0.1192,4:38:00 PM,5:38:00 PM,LC Behind CA,Forest Clearing
4,unripe,20-Jun,0,None,0,None,0,None,0,0.2692,0.1653,61.40416048,38.59583952,62.1860255,37.8139745,0.6021,4:38:00 PM,5:38:00 PM,LC Behind CA,Forest Clearing
5,feces,21-Jun,0,None,0,None,0,None,0,0.1757,0.1459,83.03927149,16.96072851,97.88091338,2.11908662,0.2516,3:05:00 PM,4:05:00 PM,LC Behind Lounge,Forest Clearing
5,overripe,21-Jun,3,Atta cephalotes,2,Ectatomma ruidum,1,None,0,0.1772,0,0,100,0,100,0.2226,3:05:00 PM,4:05:00 PM,LC Behind Lounge,Forest Clearing
5,ripe,21-Jun,0,None,0,None,0,None,0,0.3053,0.275,90.07533574,9.924664265,91.50012338,8.499876617,0.6386,3:05:00 PM,4:05:00 PM,LC Behind Lounge,Forest Clearing
5,seeds,21-Jun,0,None,0,None,0,None,0,0.0947,0.0563,59.45089757,40.54910243,60.1822931,39.8177069,0.1043,3:05:00 PM,4:05:00 PM,LC Behind Lounge,Forest Clearing
5,unripe,21-Jun,0,None,0,None,0,None,0,0.1774,0.1574,88.72604284,11.27395716,89.85579999,10.14420001,0.3854,3:05:00 PM,4:05:00 PM,LC Behind Lounge,Forest Clearing
6,feces,21-Jun,0,None,0,None,0,None,0,0.109,0.097,88.99082569,11.00917431,100,0,0.163,3:35:00 PM,4:35:00 PM,LC Right of Orquidea,Forest Clearing
6,overripe,21-Jun,12,Wasmannia auropunctata,12,None,0,None,0,0.2724,0.2536,93.09838473,6.901615272,94.57099015,5.429009854,0.4626,3:35:00 PM,4:35:00 PM,LC Right of Orquidea,Forest Clearing
6,ripe,21-Jun,5,Ectatomma gibbum,3,Pheidole fimbriata,1,Pheidole nebulosa,1,0.271,0.2123,78.33948339,21.66051661,79.57863646,20.42136354,0.4876,3:35:00 PM,4:35:00 PM,LC Right of Orquidea,Forest Clearing
6,seeds,21-Jun,0,None,0,None,0,None,0,0.095,0.0844,88.84210526,11.15789474,89.93508655,10.06491345,0.1209,3:35:00 PM,4:35:00 PM,LC Right of Orquidea,Forest Clearing
6,unripe,21-Jun,1,Ectatomma gibbum,0,None,0,None,0,0.2355,0.2189,92.95116773,7.048832272,94.1347238,5.865276201,0.3969,3:35:00 PM,4:35:00 PM,LC Right of Orquidea,Forest Clearing
7,feces,23-Jun,0,None,0,None,0,None,0,0.1363,0.0822,60.3081438,39.6918562,71.08704224,28.91295776,0.24,10:00:00 AM,11:01:00 AM,STR Entrance,Forest Interior
7,overripe,23-Jun,2,Ectatomma sp.,1,No sample,1,None,0,0.1764,0.1403,79.53514739,20.46485261,80.79321314,19.20678686,0.2801,10:00:00 AM,11:01:00 AM,STR Entrance,Forest Interior
7,ripe,23-Jun,10,Ectatomma sp.,1,Pheidole sp.,9,None,0,0.2007,0.134,66.76631789,33.23368211,67.8224097,32.1775903,0.3726,10:00:00 AM,11:01:00 AM,STR Entrance,Forest Interior
7,seeds,23-Jun,1,No sample,1,None,0,None,0,0.0925,0.0711,76.86486486,23.13513514,77.81049598,22.18950402,0.098,10:00:00 AM,11:01:00 AM,STR Entrance,Forest Interior
7,unripe,23-Jun,0,None,0,None,0,None,0,0.2144,0.1616,75.37313433,24.62686567,76.33286763,23.66713237,0.3901,10:00:00 AM,11:01:00 AM,STR Entrance,Forest Interior
8,feces,23-Jun,5,Trachymyrmex sp.,5,None,0,None,0,0.158,0.0915,57.91139241,42.08860759,68.26191852,31.73808148,0.1386,10:15:00 AM,11:20:00 AM,STR 100,Forest Interior
8,overripe,23-Jun,6,Ectatomma sp.,6,None,0,None,0,0.1656,0,0,100,0,100,0.2435,10:15:00 AM,11:20:00 AM,STR 100,Forest Interior
8,ripe,23-Jun,5,Ectatomma sp.,2,Paratrechina longicornis,3,None,0,0.2374,0.0662,27.88542544,72.11457456,28.32650967,71.67349033,0.3566,10:15:00 AM,11:20:00 AM,STR 100,Forest Interior
8,seeds,23-Jun,2,Paratrechina longicornis,2,None,0,None,0,0.096,0.0683,71.14583333,28.85416667,72.02110598,27.97889402,0.1127,10:15:00 AM,11:20:00 AM,STR 100,Forest Interior
8,unripe,23-Jun,0,None,0,None,0,None,0,0.2076,0.1715,82.61078998,17.38921002,83.66268104,16.33731896,0.5095,10:15:00 AM,11:20:00 AM,STR 100,Forest Interior
9,feces,23-Jun,1,No specimen,1,None,0,None,0,0.1284,0.0592,46.105919,53.894081,54.34644817,45.65355183,0.2239,10:35:00 AM,10:40:00 AM,STR 200,Forest Interior
9,overripe,23-Jun,9,Ectatomma ruidum,9,None,0,None,0,0.2333,0.0651,27.90398628,72.09601372,28.3453641,71.6546359,0.4592,10:35:00 AM,10:40:00 AM,STR 200,Forest Interior
9,ripe,23-Jun,5,Pheidole nebulosa,5,None,0,None,0,0.1938,0.1444,74.50980392,25.49019608,75.68838014,24.31161986,0.3593,10:35:00 AM,10:40:00 AM,STR 200,Forest Interior
9,seeds,23-Jun,0,None,0,None,0,None,0,0.0812,0.0208,25.61576355,74.38423645,25.93090185,74.06909815,0.1174,10:35:00 AM,10:40:00 AM,STR 200,Forest Interior
9,unripe,23-Jun,1,No specimen,1,None,0,None,0,0.1834,0.1428,77.86259542,22.13740458,78.85402726,21.14597274,0.4782,10:35:00 AM,10:40:00 AM,STR 200,Forest Interior
10,feces,23-Jun,0,None,0,None,0,None,0,0.0913,0.0665,72.83680175,27.16319825,85.85495219,14.14504781,0.4949,12:30:00 PM,1:30:00 PM,STR 50,Forest Interior
10,overripe,23-Jun,0,None,0,None,0,None,0,0.1187,0,0,100,0,100,0.2124,12:30:00 PM,1:30:00 PM,STR 50,Forest Interior
10,ripe,23-Jun,3,No Specimen,2,Ectatomma ruidum,1,None,0,0.1671,0.0241,14.4225015,85.5774985,14.65063278,85.34936722,0.3362,12:30:00 PM,1:30:00 PM,STR 50,Forest Interior
10,seeds,23-Jun,0,None,0,None,0,None,0,0.1783,0.141,79.08020191,20.91979809,80.05308724,19.94691276,0.1213,12:30:00 PM,1:30:00 PM,STR 50,Forest Interior
10,unripe,23-Jun,0,None,0,None,0,None,0,0.2282,0.1566,68.62401402,31.37598598,69.49781013,30.50218987,0.3091,12:30:00 PM,1:30:00 PM,STR 50,Forest Interior
11,feces,23-Jun,1,Unidentified,1,None,0,None,0,0.2002,0.1599,79.87012987,20.12987013,94.14534983,5.854650172,0.5331,12:41:00 PM,1:40:00 PM,STR 50,Forest Interior
11,overripe,23-Jun,7,Ectatomma gibbum,7,None,0,None,0,0.1467,0.1229,83.77641445,16.22358555,85.10156743,14.89843257,0.2523,12:41:00 PM,1:40:00 PM,STR 50,Forest Interior
11,ripe,23-Jun,5,Ectatomma gibbum,5,None,0,None,0,0.1679,0.1442,85.88445503,14.11554497,87.24295245,12.75704755,0.2786,12:41:00 PM,1:40:00 PM,STR 50,Forest Interior
11,seeds,23-Jun,1,No Specimen,1,None,0,None,0,0.1208,0.0269,22.26821192,77.73178808,22.54216692,77.45783308,0.1203,12:41:00 PM,1:40:00 PM,STR 50,Forest Interior
11,unripe,23-Jun,0,None,0,None,0,None,0,0.1781,0.1968,110.4997193,-10.49971926,100,0,0.3665,12:41:00 PM,1:40:00 PM,STR 50,Forest Interior
12,feces,26-Jun,0,None,0,None,0,None,0,0.1236,0.0775,62.70226537,37.29773463,73.90906611,26.09093389,0.134,12:53:00 PM,1:52:00 PM,STR 1450,Forest Interior
12,overripe,26-Jun,11,Ectatomma ruidum,8,Pheidole u4,3,None,0,0.2761,0,0,100,0,100,0.4643,12:53:00 PM,1:52:00 PM,STR 1450,Forest Interior
12,ripe,26-Jun,6,Pheidole u4,6,None,0,None,0,0.2142,0.1683,78.57142857,21.42857143,79.81425048,20.18574952,0.2818,12:53:00 PM,1:52:00 PM,STR 1450,Forest Interior
12,seeds,26-Jun,1,Pheidole u4,1,None,0,None,0,0.089,0.0735,82.58426966,17.41573034,83.60026384,16.39973616,0.121,12:53:00 PM,1:52:00 PM,STR 1450,Forest Interior
12,unripe,26-Jun,1,Pheidole u4,1,None,0,None,0,0.2366,0.1899,80.26204565,19.73795435,81.28402992,18.71597008,0.319,12:53:00 PM,1:52:00 PM,STR 1450,Forest Interior
13,feces,26-Jun,0,None,0,None,0,None,0,0.1254,0.0806,64.27432217,35.72567783,75.76209724,24.23790276,0.1949,1:05:00 PM,2:05:00 PM,STR 1550,Forest Interior
13,overripe,26-Jun,10,Wasmannia auropunctata,10,None,0,None,0,0.2097,0.1647,78.54077253,21.45922747,79.78310952,20.21689048,0.4202,1:05:00 PM,2:05:00 PM,STR 1550,Forest Interior
13,ripe,26-Jun,11,Pheidole u4,11,None,0,None,0,0.2684,0.2261,84.23994039,15.76005961,85.57242531,14.42757469,0.3052,1:05:00 PM,2:05:00 PM,STR 1550,Forest Interior
13,seeds,26-Jun,0,None,0,None,0,None,0,0.0917,0.0871,94.98364231,5.016357688,96.15217995,3.847820053,0.1203,1:05:00 PM,2:05:00 PM,STR 1550,Forest Interior
13,unripe,26-Jun,1,Pheidole u6,1,None,0,None,0,0.248,0.2023,81.57258065,18.42741935,82.61125208,17.38874792,0.0443,1:05:00 PM,2:05:00 PM,STR 1550,Forest Interior
14,feces,30-Jun,0,None,0,None,0,None,0,0.0941,0.046,48.88416578,51.11583422,57.6212521,42.3787479,0.2855,12:13:00 PM,1:13:00 PM,SHO 50 Par 1,Forest Interior
14,overripe,30-Jun,0,None,0,None,0,None,0,0.1406,0.0864,61.45092461,38.54907539,62.42293894,37.57706106,0.2576,12:13:00 PM,1:13:00 PM,SHO 50 Par 1,Forest Interior
14,ripe,30-Jun,3,Trachymyrmex sp.,3,None,0,None,0,0.1917,0.068,35.47209181,64.52790819,36.0331799,63.9668201,0.3432,12:13:00 PM,1:13:00 PM,SHO 50 Par 1,Forest Interior
14,seeds,30-Jun,0,None,0,None,0,None,0,0.101,0.073,72.27722772,27.72277228,73.16641936,26.83358064,0.2004,12:13:00 PM,1:13:00 PM,SHO 50 Par 1,Forest Interior
14,unripe,30-Jun,0,None,0,None,0,None,0,0.1996,0.1446,72.44488978,27.55511022,73.36733746,26.63266254,0.3432,12:13:00 PM,1:13:00 PM,SHO 50 Par 1,Forest Interior
15,feces,30-Jun,0,None,0,None,0,None,0,0.0942,0.042,44.58598726,55.41401274,52.55485843,47.44514157,0.2045,12:20:00 PM,1:25:00 PM,SHO 50 Par 2,Forest Interior
15,overripe,30-Jun,5,Ectatomma ruidum,5,None,0,None,0,0.2009,0.0154,7.665505226,92.33449477,7.786756144,92.21324386,0.285,12:20:00 PM,1:25:00 PM,SHO 50 Par 2,Forest Interior
15,ripe,30-Jun,4,Ectatomma ruidum,1,Pheidole sp.,3,None,0,0.2121,0.0988,46.58180104,53.41819896,47.31861955,52.68138045,0.375,12:20:00 PM,1:25:00 PM,SHO 50 Par 2,Forest Interior
15,seeds,30-Jun,1,Trachymyrmex sp.,1,None,0,None,0,0.1007,0.0606,60.17874876,39.82125124,60.91909869,39.08090131,0.1477,12:20:00 PM,1:25:00 PM,SHO 50 Par 2,Forest Interior
15,unripe,30-Jun,1,Ectatomma ruidum,1,None,0,None,0,0.1975,0.1221,61.82278481,38.17721519,62.60998022,37.39001978,0.3429,12:20:00 PM,1:25:00 PM,SHO 50 Par 2,Forest Interior
16,feces,30-Jun,0,None,0,None,0,None,0,0.1154,0.0508,44.02079723,55.97920277,51.88865176,48.11134824,0.1698,12:24:00 PM,1:35:00 PM,SHO 100,Forest Interior
16,overripe,30-Jun,2,Ectatoma edendatum,1,Pheidole fimbriata,1,None,0,0.1962,0,0,100,0,100,0.3995,12:24:00 PM,1:35:00 PM,SHO 100,Forest Interior
16,ripe,30-Jun,7,Ectatomma edendatum,4,Pheidole fimbriata,3,None,0,0.2259,0.051,22.57636122,77.42363878,22.93346808,77.06653192,0.3419,12:24:00 PM,1:35:00 PM,SHO 100,Forest Interior
16,seeds,30-Jun,2,Trachymyrmex sp.,2,None,0,None,0,0.0965,0.0961,99.58549223,0.414507772,100,0,0.1464,12:24:00 PM,1:35:00 PM,SHO 100,Forest Interior
16,unripe,30-Jun,0,None,0,None,0,None,0,0.1952,0.1585,81.19877049,18.80122951,82.23268217,17.76731783,0.3284,12:24:00 PM,1:35:00 PM,SHO 100,Forest Interior
17,feces,3-Jul,0,None,0,None,0,None,0,0.108,0.1013,93.7962963,6.203703704,100,0,0.2703,9:40:00 AM,10:40:00 AM,CES 250,Forest Interior
17,overripe,3-Jul,1,Ectatomma sp.,1,None,0,None,0,0.225,0.175,77.77777778,22.22222222,79.00804592,20.99195408,0.4511,9:40:00 AM,10:40:00 AM,CES 250,Forest Interior
17,ripe,3-Jul,3,No specimen,3,None,0,None,0,0.2702,0.253,93.63434493,6.36565507,95.11542804,4.884571964,0.4323,9:40:00 AM,10:40:00 AM,CES 250,Forest Interior
17,seeds,3-Jul,0,None,0,None,0,None,0,0.0901,0.09,99.88901221,0.110987791,100,0,0.1688,9:40:00 AM,10:40:00 AM,CES 250,Forest Interior
17,unripe,3-Jul,0,None,0,None,0,None,0,0.1857,0.1773,95.47657512,4.523424879,96.69228744,3.307712555,0.3797,9:40:00 AM,10:40:00 AM,CES 250,Forest Interior
18,feces,3-Jul,0,None,0,None,0,None,0,0.1028,0.0998,97.08171206,2.918287938,100,0,0.2703,9:58:00 AM,10:59:00 AM,CES 300,Forest Interior
18,overripe,3-Jul,8,Aphaenogaster araenoides,3,Ectatomma ruidum,5,None,0,0.1946,0.1484,76.25899281,23.74100719,77.46523721,22.53476279,0.4055,9:58:00 AM,10:59:00 AM,CES 300,Forest Interior
18,ripe,3-Jul,8,Aphaenogaster araenoides,8,None,0,None,0,0.218,0,0,100,0,100,0.3848,9:58:00 AM,10:59:00 AM,CES 300,Forest Interior
18,seeds,3-Jul,0,None,0,None,0,None,0,0.1115,0.1115,100,0,100,0,0.1267,9:58:00 AM,10:59:00 AM,CES 300,Forest Interior
18,unripe,3-Jul,0,None,0,None,0,None,0,0.2062,0.1974,95.73229874,4.267701261,96.95126722,3.048732784,0.4215,9:58:00 AM,10:59:00 AM,CES 300,Forest Interior
19,feces,5-Jul,0,None,0,None,0,None,0,0.0984,0.0489,49.69512195,50.30487805,58.57715079,41.42284921,0.51,10:15:00 AM,11:17:00 AM,CES 750,Forest Interior
19,overripe,5-Jul,6,Pheidole u5,6,None,0,None,0,0.2208,0.1076,48.73188406,51.26811594,49.502712,50.497288,0.3153,10:15:00 AM,11:17:00 AM,CES 750,Forest Interior
19,ripe,5-Jul,4,Pheidole fimbriata,?,Pheidole u1,?,None,0,0.2241,0.1269,56.62650602,43.37349398,57.522209,42.477791,0.3565,10:15:00 AM,11:17:00 AM,CES 750,Forest Interior
19,seeds,5-Jul,0,None,0,None,0,None,0,0.0965,0.0965,100,0,100,0,0.1697,10:15:00 AM,11:17:00 AM,CES 750,Forest Interior
19,unripe,5-Jul,1,No specimen,1,None,0,None,0,0.2154,0.1334,61.93129062,38.06870938,62.71986764,37.28013236,0.3417,10:15:00 AM,11:17:00 AM,CES 750,Forest Interior
20,feces,5-Jul,0,None,0,None,0,None,0,0.1409,0.0709,50.31937544,49.68062456,59.31297735,40.68702265,0.51,10:23:00 AM,11:28:00 AM,CES End,Forest Interior
20,overripe,5-Jul,3,Ectatomma ruidum,3,None,0,None,0,0.2233,0.0468,20.95835199,79.04164801,21.28986561,78.71013439,0.3443,10:23:00 AM,11:28:00 AM,CES End,Forest Interior
20,ripe,5-Jul,4,Ectatomma ruidum,4,None,0,None,0,0.2252,0.0103,4.573712256,95.42628774,4.646058017,95.35394198,0.4798,10:23:00 AM,11:28:00 AM,CES End,Forest Interior
20,seeds,5-Jul,0,None,0,None,0,None,0,0.1277,0.1277,100,0,100,0,0.1425,10:23:00 AM,11:28:00 AM,CES End,Forest Interior
20,unripe,5-Jul,2,Wasmannia auropunctata,2,None,0,None,0,0.1816,0.1751,96.42070485,3.579295154,97.64843886,2.351561137,0.3329,10:23:00 AM,11:28:00 AM,CES End,Forest Interior
21,feces,16-Jul,1,Pheidole nebulosa,1,None,0,None,0,0.129,0.096,74.41860465,25.58139535,87.71947135,12.28052865,0.336,1:10:00 PM,2:10:00 PM,SURA 200,Forest Interior
21,overripe,16-Jul,5,Pheidole nebulosa,5,None,0,None,0,0.2066,0.1566,75.79864472,24.20135528,76.99760747,23.00239253,0.2576,1:10:00 PM,2:10:00 PM,SURA 200,Forest Interior
21,ripe,16-Jul,6,Ectatomma sp.,1,Pheidole fimbriata,5,None,0,0.2492,0.1636,65.65008026,34.34991974,66.68851572,33.31148428,0.3383,1:10:00 PM,2:10:00 PM,SURA 200,Forest Interior
21,seeds,16-Jul,0,None,0,None,0,None,0,0.2391,0.2195,91.80259306,8.197406943,92.93199579,7.068004212,0.314,1:10:00 PM,2:10:00 PM,SURA 200,Forest Interior
21,unripe,16-Jul,0,None,0,None,0,None,0,0.246,0.2169,88.17073171,11.82926829,89.29341803,10.70658197,0.3612,1:10:00 PM,2:10:00 PM,SURA 200,Forest Interior
22,feces,16-Jul,0,None,0,None,0,None,0,0.1402,0.1019,72.68188302,27.31811698,85.67234478,14.32765522,0.336,1:21:00 PM,2:23:00 PM,SURA 250,Forest Interior
22,overripe,16-Jul,3,Trachymyrmex sp.,3,None,0,None,0,0.2426,0.2133,87.92250618,12.07749382,89.31324093,10.68675907,0.3198,1:21:00 PM,2:23:00 PM,SURA 250,Forest Interior
22,ripe,16-Jul,2,Ectatomma sp.,2,None,0,None,0,0.2429,0.2038,83.90284068,16.09715932,85.22999344,14.77000656,0.3466,1:21:00 PM,2:23:00 PM,SURA 250,Forest Interior
22,seeds,16-Jul,1,Trachymyrmex sp.,0,None,0,None,0,0.0948,0.0948,100,0,100,0,0.3126,1:21:00 PM,2:23:00 PM,SURA 250,Forest Interior
22,unripe,16-Jul,1,No specimen,1,None,0,None,0,0.2324,0.2046,88.03786575,11.96213425,89.15886028,10.84113972,0.3519,1:21:00 PM,2:23:00 PM,SURA 250,Forest Interior
23,feces,17-Jul,0,None,0,None,0,None,0,0.0956,0.082,85.77405858,14.22594142,100,0,0.3771,3:30:00 PM,4:31:00 PM,Arboleda,Forest Clearing
23,overripe,17-Jul,8,Ectatomma sp.,7,Trachymyrmex sp.,1,None,0,0.261,0.1473,56.43678161,43.56321839,57.32948357,42.67051643,0.3505,3:30:00 PM,4:31:00 PM,Arboleda,Forest Clearing
23,ripe,17-Jul,10,Ectatomma sp.,8,Trachymyrmex sp.,2,None,0,0.2201,0.1764,80.14538846,19.85461154,81.41310685,18.58689315,0.4205,3:30:00 PM,4:31:00 PM,Arboleda,Forest Clearing
23,seeds,17-Jul,0,None,0,None,0,None,0,0.1268,0.1268,100,0,100,0,0.2527,3:30:00 PM,4:31:00 PM,Arboleda,Forest Clearing
23,unripe,17-Jul,0,None,0,None,0,None,0,0.2459,0.2312,94.02196015,5.978039854,95.21915072,4.780849281,0.3521,3:30:00 PM,4:31:00 PM,Arboleda,Forest Clearing
24,feces,17-Jul,0,None,0,None,0,None,0,0.0854,0.0733,85.83138173,14.16861827,100,0,0.3771,3:45:00 PM,4:47:00 PM,Arboleda,Forest Clearing
24,overripe,17-Jul,6,Ectatomma sp.,1,Paratrechina longicornis,?,Wasmannia auropunctata,?,0.2544,0.2062,81.05345912,18.94654088,82.33554112,17.66445888,0.3928,3:45:00 PM,4:47:00 PM,Arboleda,Forest Clearing
24,ripe,17-Jul,5,Ectatomma sp.,2,Wasmannia auropunctata,?,Pheidole u5,?,0.2504,0.1738,69.40894569,30.59105431,70.50683789,29.49316211,0.3262,3:45:00 PM,4:47:00 PM,Arboleda,Forest Clearing
24,seeds,17-Jul,0,None,0,None,0,None,0,0.1164,0.1164,100,0,100,0,0.2463,3:45:00 PM,4:47:00 PM,Arboleda,Forest Clearing
24,unripe,17-Jul,0,None,0,None,0,None,0,0.2448,0.2293,93.66830065,6.331699346,94.86098805,5.139011954,0.3525,3:45:00 PM,4:47:00 PM,Arboleda,Forest Clearing
25,feces,17-Jul,0,None,0,None,0,None,0,0.0916,0.0804,87.77292576,12.22707424,100,0,0.3771,4:00:00 PM,5:01:00 PM,Arboleda,Forest Clearing
25,overripe,17-Jul,2,Ectatomma sp.,2,None,0,None,0,0.2958,0.1112,37.59296822,62.40703178,38.18760377,61.81239623,0.3925,4:00:00 PM,5:01:00 PM,Arboleda,Forest Clearing
25,ripe,17-Jul,1,Ectatomma sp.,1,None,0,None,0,0.2325,0.0796,34.23655914,65.76344086,34.77810391,65.22189609,0.475,4:00:00 PM,5:01:00 PM,Arboleda,Forest Clearing
25,seeds,17-Jul,0,None,0,None,0,None,0,0.1656,0.1656,100,0,100,0,0.1734,4:00:00 PM,5:01:00 PM,Arboleda,Forest Clearing
25,unripe,17-Jul,0,None,0,None,0,None,0,0.1579,0.1458,92.3369221,7.663077897,93.51265693,6.487343075,0.288,4:00:00 PM,5:01:00 PM,Arboleda,Forest Clearing
26,feces,18-Jul,0,None,0,None,0,None,0,0.0998,0.0726,72.74549098,27.25450902,85.74732141,14.25267859,0.4279,2:32:00 PM,3:32:00 PM,Arboleda,Forest Clearing
26,overripe,18-Jul,11,Ectatomma sp.,11,None,0,None,0,0.1987,0,0,100,0,100,0.3989,2:32:00 PM,3:32:00 PM,Arboleda,Forest Clearing
26,ripe,18-Jul,4,Ectatomma sp.,3,Pheidole nebulosa,1,None,0,0.2201,0,0,100,0,100,0.272,2:32:00 PM,3:32:00 PM,Arboleda,Forest Clearing
26,seeds,18-Jul,0,None,0,None,0,None,0,0.1662,0.1662,100,0,100,0,0.3077,2:32:00 PM,3:32:00 PM,Arboleda,Forest Clearing
26,unripe,18-Jul,2,Trachymyrmex sp.,1,Pheidole u2,1,None,0,0.2545,0.2294,90.13752456,9.862475442,91.28525424,8.714745758,0.377,2:32:00 PM,3:32:00 PM,Arboleda,Forest Clearing
27,feces,18-Jul,0,None,0,None,0,None,0,0.1414,0.1218,86.13861386,13.86138614,100,0,0.4279,2:40:00 PM,3:43:00 PM,Arboleda,Forest Clearing
27,overripe,18-Jul,5,Ectatomma ruidum,5,None,0,None,0,0.2226,0.1649,74.07906559,25.92093441,75.25082849,24.74917151,0.3401,2:40:00 PM,3:43:00 PM,Arboleda,Forest Clearing
27,ripe,18-Jul,2,Ectatomma ruidum,2,None,0,None,0,0.2135,0,0,100,0,100,0.3637,2:40:00 PM,3:43:00 PM,Arboleda,Forest Clearing
27,seeds,18-Jul,0,None,0,None,0,None,0,0.2307,0.2307,100,0,100,0,0.3202,2:40:00 PM,3:43:00 PM,Arboleda,Forest Clearing
27,unripe,18-Jul,2,Trachymyrmex sp.,2,None,,None,0,0.2766,0.2362,85.39407086,14.60592914,86.4814017,13.5185983,0.4162,2:40:00 PM,3:43:00 PM,Arboleda,Forest Clearing
28,feces,18-Jul,0,None,0,None,0,None,0,0.1529,0.1385,90.58207979,9.417920209,100,0,0.4279,2:55:00 PM,4:00:00 PM,Arboleda,Forest Clearing
28,overripe,18-Jul,5,Ectatomma sp.,5,None,0,None,0,0.2308,0,0,100,0,100,0.2252,2:55:00 PM,4:00:00 PM,Arboleda,Forest Clearing
28,ripe,18-Jul,6,Ectatomma sp.,6,None,0,None,0,0.2978,0.2117,71.08797851,28.91202149,72.2124292,27.7875708,0.3266,2:55:00 PM,4:00:00 PM,Arboleda,Forest Clearing
28,seeds,18-Jul,0,None,0,None,0,None,0,0.1758,0.1758,100,0,100,0,0.1792,2:55:00 PM,4:00:00 PM,Arboleda,Forest Clearing
28,unripe,18-Jul,0,None,0,None,0,None,0,0.3137,0.2925,93.24195091,6.758049091,94.42920955,5.570790451,0.4498,2:55:00 PM,4:00:00 PM,Arboleda,Forest Clearing
29,feces,20-Jul,0,None,0,None,0,None,0,0.0909,0.0909,100,0,100,0,0.2008,3:30:00 PM,4:30:00 PM,SURA Entrance,Forest Interior
29,overripe,20-Jul,3,None,0,None,0,None,0,0.3349,0.2257,67.39325172,32.60674828,68.4592602,31.5407398,0.4812,3:30:00 PM,4:30:00 PM,SURA Entrance,Forest Interior
29,ripe,20-Jul,2,Paratrechina longicornis,1,No specimen,1,None,0,0.3095,0.2929,94.6365105,5.363489499,96.13344559,3.866554405,0.4088,3:30:00 PM,4:30:00 PM,SURA Entrance,Forest Interior
29,seeds,20-Jul,1,Trachymyrmex sp.,1,None,0,None,0,0.1601,0.1552,96.93941287,3.060587133,98.1320114,1.867988602,0.1725,3:30:00 PM,4:30:00 PM,SURA Entrance,Forest Interior
29,unripe,20-Jul,1,Pheidole nebulosa,1,None,0,None,0,0.3487,0.3316,95.09607112,4.903928879,96.30693845,3.693061549,0.3541,3:30:00 PM,4:30:00 PM,SURA Entrance,Forest Interior
30,feces,20-Jul,0,None,0,None,0,None,0,0.1303,0.1024,78.58787414,21.41212586,92.63391602,7.366083981,0.2008,3:45:00 PM,4:40:00 PM,SURA 100,Forest Interior
30,overripe,20-Jul,6,Ectatomma sp.,3,Trachymyrmex sp.,2,Pheidole nigricula,1,0.3352,0.1367,40.78162291,59.21837709,41.42669575,58.57330425,0.4286,3:45:00 PM,4:40:00 PM,SURA 100,Forest Interior
30,ripe,20-Jul,0,None,0,None,0,None,0,0.2808,0,0,100,0,100,0.3446,3:45:00 PM,4:40:00 PM,SURA 100,Forest Interior
30,seeds,20-Jul,1,Trachymyrmex sp.,1,None,0,None,0,0.1602,0.1423,88.82646692,11.17353308,89.91925581,10.08074419,0.2756,3:45:00 PM,4:40:00 PM,SURA 100,Forest Interior
30,unripe,20-Jul,0,None,0,None,0,None,0,0.3417,0.3215,94.08838162,5.911618379,95.28641794,4.713582055,0.3735,3:45:00 PM,4:40:00 PM,SURA 100,Forest Interior
31,feces,20-Jul,0,None,0,None,0,None,0,0.2028,0.1875,92.4556213,7.544378698,93.91805966,6.081940341,0.2008,3:50:00 PM,4:55:00 PM,SURA 150,Forest Interior
31,overripe,20-Jul,1,Ectatomma sp.,1,None,0,None,0,0.3835,0.0661,17.23598435,82.76401565,17.50861856,82.49138144,0.386,3:50:00 PM,4:55:00 PM,SURA 150,Forest Interior
31,ripe,20-Jul,1,Unidentifiable,1,None,0,None,0,0.3076,0.294,95.5786736,4.421326398,97.09051158,2.909488419,0.4885,3:50:00 PM,4:55:00 PM,SURA 150,Forest Interior
31,seeds,20-Jul,0,None,0,None,0,None,0,0.214,0.214,100,0,100,0,0.3435,3:50:00 PM,4:55:00 PM,SURA 150,Forest Interior
31,unripe,20-Jul,0,None,0,None,0,None,0,0.2754,0.2625,95.31590414,4.684095861,96.52957062,3.470429376,0.4097,3:50:00 PM,4:55:00 PM,SURA 150,Forest Interior
32,feces,21-Jul,0,None,0,None,0,None,0,0.1317,0.0878,66.66666667,33.33333333,67.72118222,32.27881778,0.5621,10:00:00 AM,11:30:00 AM,SAZ 100,Forest Interior
32,overripe,21-Jul,7,Ectatomma gibbum,3,No specimen,4,None,0,0.2452,0.1116,45.51386623,54.48613377,46.23379243,53.76620757,0.3316,10:00:00 AM,11:30:00 AM,SAZ 100,Forest Interior
32,ripe,21-Jul,4,No specimen,4,None,0,None,0,0.2355,0.1815,77.07006369,22.92993631,78.28913742,21.71086258,0.3691,10:00:00 AM,11:30:00 AM,SAZ 100,Forest Interior
32,seeds,21-Jul,0,None,0,None,0,None,0,0.047,0.047,100,0,100,0,0.1019,10:00:00 AM,11:30:00 AM,SAZ 100,Forest Interior
32,unripe,21-Jul,0,None,0,None,0,None,0,0.234,0.1799,76.88034188,23.11965812,77.85926659,22.14073341,0.3307,10:00:00 AM,11:30:00 AM,SAZ 100,Forest Interior
33,feces,21-Jul,1,Pheidole nebulosa,1,None,0,None,0,0.1114,0.0855,76.75044883,23.24955117,77.96446696,22.03553304,0.5622,10:15:00 AM,11:15:00 AM,SAZ 300,Forest Interior
33,overripe,21-Jul,20,Pheidole fimbriata,"?, majority ",Pheidole nebulosa,?,None,0,0.2567,0.162,63.10868718,36.89131282,64.10692356,35.89307644,0.2857,10:15:00 AM,11:15:00 AM,SAZ 300,Forest Interior
33,ripe,21-Jul,20,Pheidole fimbriata,,None,0,None,0,0.2395,0.1332,55.61586639,44.38413361,56.49558334,43.50441666,0.3967,10:15:00 AM,11:15:00 AM,SAZ 300,Forest Interior
33,seeds,21-Jul,0,None,0,None,0,None,0,0.0686,0.0686,100,0,100,0,0.1536,10:15:00 AM,11:15:00 AM,SAZ 300,Forest Interior
33,unripe,21-Jul,0,None,0,None,0,None,0,0.2256,0.1943,86.12588652,13.87411348,87.22253564,12.77746436,0.2867,10:15:00 AM,11:15:00 AM,SAZ 300,Forest Interior
34,feces,21-Jul,0,None,0,None,0,None,0,0.1077,0.0782,72.60909935,27.39090065,73.75761072,26.24238928,0.4622,10:30:00 AM,11:45:00 AM,SAZ 450 ,Forest Interior
34,overripe,21-Jul,12,Pheidole u1,12,None,0,None,0,0.2415,0.1576,65.25879917,34.74120083,66.29104545,33.70895455,0.356,10:30:00 AM,11:45:00 AM,SAZ 450 ,Forest Interior
34,ripe,21-Jul,11,Pheidole nebulosa,?,Pheidole u1,?,None,0,0.2661,0.189,71.0259301,28.9740699,72.14939933,27.85060067,0.3869,10:30:00 AM,11:45:00 AM,SAZ 450 ,Forest Interior
34,seeds,21-Jul,0,None,0,None,0,None,0,0.0919,0.0919,100,0,100,0,0.1402,10:30:00 AM,11:45:00 AM,SAZ 450 ,Forest Interior
34,unripe,21-Jul,1,No specimen,1,None,0,None,0,0.2718,0.2293,84.36350258,15.63649742,85.43771109,14.56228891,0.3437,10:30:00 AM,11:45:00 AM,SAZ 450 ,Forest Interior
35,feces,24-Jul,0,None,0,None,0,None,0,0.1495,0.1017,68.02675585,31.97324415,69.10278493,30.89721507,0.5622,3:00:00 PM,4:00:00 PM,LC Cabina Aguila,Forest Clearing
35,overripe,24-Jul,0,None,0,None,0,None,0,0.2169,0.1028,47.39511296,52.60488704,48.14479621,51.85520379,0.3584,3:00:00 PM,4:00:00 PM,LC Cabina Aguila,Forest Clearing
35,ripe,24-Jul,2,Pheidole nebulosa,2,None,0,None,0,0.2344,0.152,64.84641638,35.15358362,65.87213971,34.12786029,0.3165,3:00:00 PM,4:00:00 PM,LC Cabina Aguila,Forest Clearing
35,seeds,24-Jul,0,None,0,None,0,None,0,0.0803,0.05,62.26650062,37.73349938,63.03253515,36.96746485,0.2018,3:00:00 PM,4:00:00 PM,LC Cabina Aguila,Forest Clearing
35,unripe,24-Jul,0,None,0,None,0,None,0,0.2058,0.1587,77.11370262,22.88629738,78.09559874,21.90440126,0.2747,3:00:00 PM,4:00:00 PM,LC Cabina Aguila,Forest Clearing
36,feces,24-Jul,0,None,0,None,0,None,0,0.1095,0.0781,71.32420091,28.67579909,72.4523881,27.5476119,0.5622,3:10:00 PM,4:13:00 PM,LC Shade Houses,Forest Clearing
36,overripe,24-Jul,6,Ectatomma sp.,6,None,0,None,0,0.2448,0.1857,75.85784314,24.14215686,77.05774227,22.94225773,0.2851,3:10:00 PM,4:13:00 PM,LC Shade Houses,Forest Clearing
36,ripe,24-Jul,7,Ectatomma sp.,2,"Pheidole spp. (nigricula, nebulosa, u1)",4,Trachymyrmex sp.,1,0.2389,0.1863,77.98241942,22.01758058,79.21592454,20.78407546,0.4019,3:10:00 PM,4:13:00 PM,LC Shade Houses,Forest Clearing
36,seeds,24-Jul,0,None,0,None,0,None,0,0.1126,0.1126,100,0,100,0,0.2161,3:10:00 PM,4:13:00 PM,LC Shade Houses,Forest Clearing
36,unripe,24-Jul,0,None,0,None,0,None,0,0.2617,0.189,72.22009935,27.77990065,73.13968475,26.86031525,0.3076,3:10:00 PM,4:13:00 PM,LC Shade Houses,Forest Clearing
37,feces,24-Jul,0,None,0,None,0,None,0,0.1103,0.1103,100,0,100,0,0.1501,3:30:00 PM,4:30:00 PM,LC Cabina Congo,Forest Clearing
37,overripe,24-Jul,2,Pheidole nebulosa,2,None,0,None,0,0.2184,0.1942,88.91941392,11.08058608,90.32591749,9.674082508,0.3652,3:30:00 PM,4:30:00 PM,LC Cabina Congo,Forest Clearing
37,ripe,24-Jul,5,Pheidole nebulosa,5,None,0,None,0,0.2696,0.2287,84.82937685,15.17062315,86.17118532,13.82881468,0.3441,3:30:00 PM,4:30:00 PM,LC Cabina Congo,Forest Clearing
37,seeds,24-Jul,2,No specimen,2,None,0,None,0,0.0702,0.0581,82.76353276,17.23646724,83.78173232,16.21826768,0.1069,3:30:00 PM,4:30:00 PM,LC Cabina Congo,Forest Clearing
37,unripe,24-Jul,1,No specimen,1,None,0,None,0,0.2834,0.2459,86.76781934,13.23218066,87.87264224,12.12735776,0.4985,3:30:00 PM,4:30:00 PM,LC Cabina Congo,Forest Clearing
38,feces,27-Jul,0,None,0,None,0,None,0,0.087,0.0731,84.02298851,15.97701149,85.35204173,14.64795827,0.413,10:30:00 AM,11:30:00 AM,Stone Bridge,Forest Clearing
38,overripe,27-Jul,3,Ectatomma sp.,1,Pheidole u3,2,None,0,0.2024,0.1495,73.86363636,26.13636364,75.03199166,24.96800834,0.3126,10:30:00 AM,11:30:00 AM,Stone Bridge,Forest Clearing
38,ripe,27-Jul,3,Pheidole u3,3,None,0,None,0,0.276,0.2507,90.83333333,9.166666667,92.27011078,7.729889215,0.4477,10:30:00 AM,11:30:00 AM,Stone Bridge,Forest Clearing
38,seeds,27-Jul,0,None,0,None,0,None,0,0.0693,0.0693,100,0,100,0,0.0925,10:30:00 AM,11:30:00 AM,Stone Bridge,Forest Clearing
38,unripe,27-Jul,0,None,0,None,0,None,0,0.2806,0.2504,89.23734854,10.76265146,90.3736162,9.626383804,0.311,10:30:00 AM,11:30:00 AM,Stone Bridge,Forest Clearing
39,feces,27-Jul,0,None,0,None,0,None,0,0.0955,0.0733,76.7539267,23.2460733,77.96799984,22.03200016,0.413,10:00:00 AM,11:00:00 AM,Next to ALAS ,Forest Clearing
39,overripe,27-Jul,5,Ectatomma sp.,1,Pheidole nebulosa,?,Pheidole fimbriata,?,0.3094,0.2418,78.1512605,21.8487395,79.3874363,20.6125637,0.3532,10:00:00 AM,11:00:00 AM,Next to ALAS ,Forest Clearing
39,ripe,27-Jul,2,Pheidole nebulosa,1,Pheidole fimbriata,1,None,0,0.277,0.2378,85.84837545,14.15162455,87.20630217,12.79369783,0.314,10:00:00 AM,11:00:00 AM,Next to ALAS ,Forest Clearing
39,seeds,27-Jul,0,None,0,None,0,None,0,0.0626,0.0555,88.65814696,11.34185304,89.7488651,10.2511349,0.1217,10:00:00 AM,11:00:00 AM,Next to ALAS ,Forest Clearing
39,unripe,27-Jul,0,None,0,None,0,None,0,0.2266,0.1956,86.31950574,13.68049426,87.41862022,12.58137978,0.3626,10:00:00 AM,11:00:00 AM,Next to ALAS ,Forest Clearing
40,feces,27-Jul,0,None,0,None,0,None,0,0.1424,0.1225,86.0252809,13.9747191,87.38600585,12.61399415,0.413,10:15:00 AM,11:15:00 AM,Next to Orquidea,Forest Clearing
40,overripe,27-Jul,2,Ectatomma sp.,1,Pheidole u1,1,None,0,0.2768,0.2296,82.94797688,17.05202312,84.26002585,15.73997415,0.3778,10:15:00 AM,11:15:00 AM,Next to Orquidea,Forest Clearing
40,ripe,27-Jul,2,Pheidole u1,2,None,0,None,0,0.3499,0.3255,93.02657902,6.973420977,94.49804865,5.501951351,0.4754,10:15:00 AM,11:15:00 AM,Next to Orquidea,Forest Clearing
40,seeds,27-Jul,1,Trachymyrmex sp.,1,None,0,None,0,0.0872,0.0766,87.8440367,12.1559633,88.92473923,11.07526077,0.1812,10:15:00 AM,11:15:00 AM,Next to Orquidea,Forest Clearing
40,unripe,27-Jul,0,None,0,None,0,None,0,0.278,0.2513,90.39568345,9.604316547,91.5467003,8.453299701,0.3583,10:15:00 AM,11:15:00 AM,Next to Orquidea,Forest Clearing